timestamp,consumption_kwh,temperature_c
2025-10-31 00:39:47.119134,10.08621328071624,12.041492510326957
2025-10-31 01:39:47.119134,11.006615060470539,12.644314273821026
2025-10-31 02:39:47.119134,12.84607259041845,11.461037144223573
2025-10-31 03:39:47.119134,11.777218052474712,11.932165674299494
2025-10-31 04:39:47.119134,11.893173959922462,14.814664910628078
2025-10-31 05:39:47.119134,9.578373199809647,16.538430750647144
2025-10-31 06:39:47.119134,14.373467758906498,16.035012462311098
2025-10-31 07:39:47.119134,17.300860573079486,19.446227233576586
2025-10-31 08:39:47.119134,17.63490306277793,19.477931015503604
2025-10-31 09:39:47.119134,19.686875569509674,22.20238803745202
2025-10-31 10:39:47.119134,24.799412900774502,25.81230329487206
2025-10-31 11:39:47.119134,19.164917221722753,23.43332980461013
2025-10-31 12:39:47.119134,21.658657483291385,27.2842588438236
2025-10-31 13:39:47.119134,21.38448997077405,26.87117032035401
2025-10-31 14:39:47.119134,21.0673516617813,27.656270105130247
2025-10-31 15:39:47.119134,22.78467449683039,29.617677542684817
2025-10-31 16:39:47.119134,20.354610492634574,28.30477529771875
2025-10-31 17:39:47.119134,17.599576236203568,25.809612998555316
2025-10-31 18:39:47.119134,16.485541333626816,23.219817424686006
2025-10-31 19:39:47.119134,14.558092924048449,21.890574636425754
2025-10-31 20:39:47.119134,13.875566028620709,21.388154650597045
2025-10-31 21:39:47.119134,13.992171540522287,18.119961640496527
2025-10-31 22:39:47.119134,17.168402131540585,15.145584817459056
2025-10-31 23:39:47.119134,12.188400904720403,15.583936425005172
2025-11-01 00:39:47.119134,5.857757972848702,13.840263866185705
2025-11-01 01:39:47.119134,6.0375866872777575,12.880506600336867
2025-11-01 02:39:47.119134,6.109219467774517,11.951697457979357
2025-11-01 03:39:47.119134,3.5122191804376843,12.568259752279012
2025-11-01 04:39:47.119134,7.32894479978731,13.24295766142141
2025-11-01 05:39:47.119134,5.6903604781695964,12.533620292997348
2025-11-01 06:39:47.119134,7.451942407863341,16.454476255021405
2025-11-01 07:39:47.119134,6.593766365149921,17.660446389370822
2025-11-01 08:39:47.119134,8.069219123883006,19.16312484705477
2025-11-01 09:39:47.119134,9.618516461048785,22.75635780173507
2025-11-01 10:39:47.119134,12.332715225602929,23.068139304938022
2025-11-01 11:39:47.119134,11.959272370794839,25.36262671020568
2025-11-01 12:39:47.119134,13.378649613050925,27.990133274623588
2025-11-01 13:39:47.119134,9.902047722221276,29.07140882480216
2025-11-01 14:39:47.119134,11.071128842921249,27.174849447201385
2025-11-01 15:39:47.119134,9.22180595045513,28.373658449928406
2025-11-01 16:39:47.119134,6.591729908901426,28.09895070207118
2025-11-01 17:39:47.119134,6.755391476796401,26.13547433412263
2025-11-01 18:39:47.119134,9.723147267531093,23.568678150660347
2025-11-01 19:39:47.119134,8.059341959752375,21.755045300664772
2025-11-01 20:39:47.119134,5.782086767103683,20.23559057961974
2025-11-01 21:39:47.119134,7.088531896287055,16.198331114243018
2025-11-01 22:39:47.119134,7.974026653673313,17.900990401730265
2025-11-01 23:39:47.119134,9.405662396098363,13.902198840163557
2025-11-02 00:39:47.119134,3.6205143783046907,12.80358857079006
2025-11-02 01:39:47.119134,7.965054457136146,12.310691623171234
2025-11-02 02:39:47.119134,4.513733731583348,11.667800932130923
2025-11-02 03:39:47.119134,7.810295693893601,11.70663571872217
2025-11-02 04:39:47.119134,5.419206972414198,15.431272910875954
2025-11-02 05:39:47.119134,5.006055680143526,13.283865706258238
2025-11-02 06:39:47.119134,8.173906895825588,15.77862742106952
2025-11-02 07:39:47.119134,9.895135598163316,18.022703073032055
2025-11-02 08:39:47.119134,9.189255776352041,19.043610252932925
2025-11-02 09:39:47.119134,10.882695573324073,21.254151463764025
2025-11-02 10:39:47.119134,10.182112209130834,24.73045456278971
2025-11-02 11:39:47.119134,11.388426512597237,26.43063968416103
2025-11-02 12:39:47.119134,10.9945276336656,28.024623439485797
2025-11-02 13:39:47.119134,10.115847479362678,28.63999011131582
2025-11-02 14:39:47.119134,10.90581548219783,27.684164912755847
2025-11-02 15:39:47.119134,8.17058241656871,29.07106788219091
2025-11-02 16:39:47.119134,7.450228974809451,26.843585601940863
2025-11-02 17:39:47.119134,9.487522885850346,25.839020394539737
2025-11-02 18:39:47.119134,6.892989979468122,24.28739841804407
2025-11-02 19:39:47.119134,5.355215775405689,20.769217910353632
2025-11-02 20:39:47.119134,7.166622662227621,19.641144686735462
2025-11-02 21:39:47.119134,5.431982558191114,18.274979544833045
2025-11-02 22:39:47.119134,8.978555550365085,18.68015414780516
2025-11-02 23:39:47.119134,9.952321399242564,12.80705550331069
2025-11-03 00:39:47.119134,13.14959759650328,10.712378350409068
2025-11-03 01:39:47.119134,12.403443301093695,11.252272228592448
2025-11-03 02:39:47.119134,12.875683640858956,10.937095294782878
2025-11-03 03:39:47.119134,13.347912185257595,12.16579361899255
2025-11-03 04:39:47.119134,14.787216937876465,12.485811501671103
2025-11-03 05:39:47.119134,11.141335971663521,15.246509143128927
2025-11-03 06:39:47.119134,15.176914910887856,17.157535008227097
2025-11-03 07:39:47.119134,18.112423768256747,18.181614062798907
2025-11-03 08:39:47.119134,18.043745418408886,18.526951692681987
2025-11-03 09:39:47.119134,19.806742027245164,22.67869595298511
2025-11-03 10:39:47.119134,18.7269363059913,23.669425738219854
2025-11-03 11:39:47.119134,24.7199357881499,25.885283426140195
2025-11-03 12:39:47.119134,24.36448176156312,29.537456923067097
2025-11-03 13:39:47.119134,22.64752665056264,28.21955894825477
2025-11-03 14:39:47.119134,21.351958004438064,28.85386015507793
2025-11-03 15:39:47.119134,21.30526440294447,29.724195494097717
2025-11-03 16:39:47.119134,19.059716261765395,26.32255964003446
2025-11-03 17:39:47.119134,16.381947288343106,25.700095979282427
2025-11-03 18:39:47.119134,18.009630184784857,23.643711564478902
2025-11-03 19:39:47.119134,17.099770242064103,20.718634336633244
2025-11-03 20:39:47.119134,13.424761933001465,18.947591446710337
2025-11-03 21:39:47.119134,14.17025994675406,17.422465958632174
2025-11-03 22:39:47.119134,12.713621623765574,15.565738685669768
2025-11-03 23:39:47.119134,14.349902055404257,14.566399974530436
2025-11-04 00:39:47.119134,9.44745655206718,12.126076359668222
2025-11-04 01:39:47.119134,14.515471239675172,11.420792420313608
2025-11-04 02:39:47.119134,11.393522369384996,11.535282155192043
2025-11-04 03:39:47.119134,13.072565807535769,11.205512444041098
2025-11-04 04:39:47.119134,11.852652181093688,14.267056320058497
2025-11-04 05:39:47.119134,11.495944307239068,13.794768558468062
2025-11-04 06:39:47.119134,16.738551323788332,17.82591485333967
2025-11-04 07:39:47.119134,19.328853336389603,18.589123156935564
2025-11-04 08:39:47.119134,19.6804787923895,20.858420736197573
2025-11-04 09:39:47.119134,20.548250062682143,21.24371231378961
2025-11-04 10:39:47.119134,20.894417802514052,22.713926595528203
2025-11-04 11:39:47.119134,23.882505008595402,25.260909418176396
2025-11-04 12:39:47.119134,22.916803133431117,25.803012429705404
2025-11-04 13:39:47.119134,21.389982461939354,29.222759830321724
2025-11-04 14:39:47.119134,21.990123969850206,26.486052897991218
2025-11-04 15:39:47.119134,19.17084617606632,27.56642322151853
2025-11-04 16:39:47.119134,18.352627042431784,27.208975476901315
2025-11-04 17:39:47.119134,13.49684972181545,26.542289914820337
2025-11-04 18:39:47.119134,14.159660706577272,24.146780720972824
2025-11-04 19:39:47.119134,15.746896253954054,23.17208243931745
2025-11-04 20:39:47.119134,16.17732087804732,22.15210403110584
2025-11-04 21:39:47.119134,14.196938520400813,20.263604089370208
2025-11-04 22:39:47.119134,12.467491328920135,17.978888594551133
2025-11-04 23:39:47.119134,16.042632203879556,13.681935259602092
2025-11-05 00:39:47.119134,12.086547729879394,11.939387480683218
2025-11-05 01:39:47.119134,12.447846384357604,12.426845386387319
2025-11-05 02:39:47.119134,9.630619070444885,13.799804571415875
2025-11-05 03:39:47.119134,12.508996735741476,10.67612419357885
2025-11-05 04:39:47.119134,13.641235135822619,13.349352301233107
2025-11-05 05:39:47.119134,13.102863024114555,15.362612258422121
2025-11-05 06:39:47.119134,13.582330279994274,18.5224432508458
2025-11-05 07:39:47.119134,16.646282580949077,18.118145036988757
2025-11-05 08:39:47.119134,22.547618431776936,19.754156776413616
2025-11-05 09:39:47.119134,21.178031254495732,22.2852711664838
2025-11-05 10:39:47.119134,22.55711741885287,23.46310008235999
2025-11-05 11:39:47.119134,22.713565262531667,26.372741840118422
2025-11-05 12:39:47.119134,23.804439338024153,26.66925546063389
2025-11-05 13:39:47.119134,26.111038562986383,25.45118848600824
2025-11-05 14:39:47.119134,23.22137261087807,26.752512351140872
2025-11-05 15:39:47.119134,20.019286408959342,27.705171215713243
2025-11-05 16:39:47.119134,19.780194359235878,27.584502647573217
2025-11-05 17:39:47.119134,16.50125194972447,25.153461993434192
2025-11-05 18:39:47.119134,17.347799905484692,22.961198374037657
2025-11-05 19:39:47.119134,15.725714117423767,20.104605170545195
2025-11-05 20:39:47.119134,15.121980621475348,20.752364453687324
2025-11-05 21:39:47.119134,16.22085941818129,18.726934205305714
2025-11-05 22:39:47.119134,15.718044566804215,14.909740437965402
2025-11-05 23:39:47.119134,15.89855974816887,14.32275642411001
2025-11-06 00:39:47.119134,9.312821523124057,11.826604564477007
2025-11-06 01:39:47.119134,12.212171390119885,12.525914781418656
2025-11-06 02:39:47.119134,14.290962125160505,12.775688749050788
2025-11-06 03:39:47.119134,9.736801943865078,11.506249787635754
2025-11-06 04:39:47.119134,12.346664756041479,15.494728467962005
2025-11-06 05:39:47.119134,12.980902950904184,13.861718596846025
2025-11-06 06:39:47.119134,16.325816405590196,16.41538860373899
2025-11-06 07:39:47.119134,19.527359198850174,18.155272437693398
2025-11-06 08:39:47.119134,21.3007785299957,19.67612084387959
2025-11-06 09:39:47.119134,18.986284116207457,21.40305581184523
2025-11-06 10:39:47.119134,22.432801682041337,25.916107378170675
2025-11-06 11:39:47.119134,21.67293108679987,25.602221145689764
2025-11-06 12:39:47.119134,21.715354034070867,27.055063731334023
2025-11-06 13:39:47.119134,20.23730825029011,27.18093036852179
2025-11-06 14:39:47.119134,23.97192961897212,26.94035366615619
2025-11-06 15:39:47.119134,22.266768352449,28.350122242966577
2025-11-06 16:39:47.119134,19.48601133787238,26.865721138648794
2025-11-06 17:39:47.119134,17.060896057893736,25.827940764733412
2025-11-06 18:39:47.119134,17.32231486237506,23.819033547125983
2025-11-06 19:39:47.119134,17.7564786064606,19.696936865803046
2025-11-06 20:39:47.119134,12.221417811176565,18.86069781795953
2025-11-06 21:39:47.119134,13.528115554192938,16.90186922551112
2025-11-06 22:39:47.119134,16.818728124730356,16.959074012617744
2025-11-06 23:39:47.119134,15.76877957121992,15.402446182225674
2025-11-07 00:39:47.119134,12.274769813065724,14.196465116568529
2025-11-07 01:39:47.119134,11.143263355694529,12.609232292455516
2025-11-07 02:39:47.119134,11.271731455000895,11.721036249764875
2025-11-07 03:39:47.119134,10.419402172558922,10.949602415031256
2025-11-07 04:39:47.119134,13.419773574926504,14.004280209367888
2025-11-07 05:39:47.119134,10.103645699449118,14.546706283691998
2025-11-07 06:39:47.119134,14.34435553161976,16.70999029477124
2025-11-07 07:39:47.119134,14.564482108385016,17.316531471232874
2025-11-07 08:39:47.119134,17.461710065915145,21.125778743574
2025-11-07 09:39:47.119134,21.406268490278038,23.615553365273165
2025-11-07 10:39:47.119134,23.146712704762702,24.631547113595605
2025-11-07 11:39:47.119134,23.347401699410078,25.445101004079937
2025-11-07 12:39:47.119134,24.719256593563134,28.208156208856614
2025-11-07 13:39:47.119134,21.71058637885617,26.403388818556433
2025-11-07 14:39:47.119134,18.153077340261728,30.425041579788836
2025-11-07 15:39:47.119134,21.346473045378687,27.62074126161914
2025-11-07 16:39:47.119134,19.100223658898674,27.84609926791949
2025-11-07 17:39:47.119134,15.027427943636562,26.34825062006853
2025-11-07 18:39:47.119134,14.014769988396868,26.782828185888057
2025-11-07 19:39:47.119134,12.816076372861632,21.126626473371786
2025-11-07 20:39:47.119134,16.268475130619187,17.49185185021762
2025-11-07 21:39:47.119134,16.841687834082563,16.651619401938763
2025-11-07 22:39:47.119134,14.5960714885782,15.849054396213864
2025-11-07 23:39:47.119134,14.179102829433619,13.651061365692815
2025-11-08 00:39:47.119134,6.293914378981519,13.199465127578213
2025-11-08 01:39:47.119134,7.1475294102733535,11.528061870943267
2025-11-08 02:39:47.119134,2.405925135503734,11.834300921736213
2025-11-08 03:39:47.119134,4.49693416809092,10.869493291533585
2025-11-08 04:39:47.119134,7.64055034568616,12.11069948042978
2025-11-08 05:39:47.119134,5.091119277970098,14.72516011871545
2025-11-08 06:39:47.119134,8.46756469319417,15.722817492866808
2025-11-08 07:39:47.119134,8.641299889288037,18.077943349114374
2025-11-08 08:39:47.119134,8.42471073040034,22.958769156507074
2025-11-08 09:39:47.119134,13.022710136666884,22.92387951438275
2025-11-08 10:39:47.119134,9.048385438240096,23.513252615082624
2025-11-08 11:39:47.119134,11.971428119246387,27.484665631841075
2025-11-08 12:39:47.119134,12.279023703343562,27.972058132306177
2025-11-08 13:39:47.119134,10.723636350698161,27.073369450715806
2025-11-08 14:39:47.119134,10.160333602234202,27.058551353155377
2025-11-08 15:39:47.119134,10.605928001791685,27.450389620257567
2025-11-08 16:39:47.119134,7.740239272065109,26.155418398914627
2025-11-08 17:39:47.119134,9.898794298715352,23.863031941237292
2025-11-08 18:39:47.119134,7.166041818359829,23.60874317891923
2025-11-08 19:39:47.119134,7.452345839883549,20.717946661305692
2025-11-08 20:39:47.119134,8.610486814701709,20.716283217031762
2025-11-08 21:39:47.119134,6.565030820583577,18.163872637881592
2025-11-08 22:39:47.119134,6.878872683928462,16.60886269443829
2025-11-08 23:39:47.119134,5.93699381997779,15.090597421561576
2025-11-09 00:39:47.119134,4.434221670468027,12.611501594407045
2025-11-09 01:39:47.119134,7.793214565259543,10.975816848045442
2025-11-09 02:39:47.119134,6.725472963420755,12.06279061580258
2025-11-09 03:39:47.119134,5.038809793153638,12.101394626328972
2025-11-09 04:39:47.119134,5.352484763356766,12.987720067326359
2025-11-09 05:39:47.119134,4.867512758783782,13.028375407490769
2025-11-09 06:39:47.119134,8.40614280644113,14.616812640950528
2025-11-09 07:39:47.119134,7.790916052504504,18.536179480747982
2025-11-09 08:39:47.119134,10.14054861254677,20.263112304561375
2025-11-09 09:39:47.119134,11.005430479836779,23.197527311556726
2025-11-09 10:39:47.119134,9.886361762202265,22.933669838211454
2025-11-09 11:39:47.119134,12.158075424959275,25.383016676219675
2025-11-09 12:39:47.119134,12.18451635636859,27.23148447751259
2025-11-09 13:39:47.119134,13.306728766091101,26.0361572649852
2025-11-09 14:39:47.119134,11.079654199582757,27.939029336102106
2025-11-09 15:39:47.119134,10.506833972157759,27.596536370905152
2025-11-09 16:39:47.119134,12.58068892498523,26.580466416039062
2025-11-09 17:39:47.119134,9.050425072595024,25.021057832864656
2025-11-09 18:39:47.119134,7.694655504804601,21.59330717941843
2025-11-09 19:39:47.119134,6.82778123416292,21.272186359852668
2025-11-09 20:39:47.119134,5.540722198466475,18.377420151367932
2025-11-09 21:39:47.119134,8.82476253601208,16.7102831830567
2025-11-09 22:39:47.119134,7.293617425999768,14.150205084518145
2025-11-09 23:39:47.119134,4.26786044379927,15.41098738059471
2025-11-10 00:39:47.119134,13.880138491888468,13.31312692588558
2025-11-10 01:39:47.119134,11.260770566917786,12.862015127653693
2025-11-10 02:39:47.119134,10.51655723541679,12.249866904601552
2025-11-10 03:39:47.119134,11.031190413739846,11.423050690864045
2025-11-10 04:39:47.119134,11.620299167659203,12.577788401029556
2025-11-10 05:39:47.119134,11.538238668725514,13.734472429054382
2025-11-10 06:39:47.119134,15.127947586695955,16.272548480454674
2025-11-10 07:39:47.119134,18.358226040537847,17.79786677570823
2025-11-10 08:39:47.119134,19.399388209314903,21.62575494134241
2025-11-10 09:39:47.119134,20.373152469184387,21.748802656988175
2025-11-10 10:39:47.119134,22.549683058352812,23.13175166529631
2025-11-10 11:39:47.119134,21.643560644758054,24.980801858410437
2025-11-10 12:39:47.119134,23.268477708706275,25.4313806708803
2025-11-10 13:39:47.119134,23.65480609603079,26.704053121416
2025-11-10 14:39:47.119134,20.20976838958861,28.717005579893627
2025-11-10 15:39:47.119134,23.688519480406434,25.937758673605227
2025-11-10 16:39:47.119134,20.976911005055108,26.3870033447011
2025-11-10 17:39:47.119134,17.406267576331057,25.742249606809448
2025-11-10 18:39:47.119134,13.68435851718634,25.21758751646118
2025-11-10 19:39:47.119134,13.008482181450313,21.10547391397139
2025-11-10 20:39:47.119134,10.855238702143273,22.037926527175266
2025-11-10 21:39:47.119134,14.474835058446246,17.376684575370533
2025-11-10 22:39:47.119134,13.214881303795636,16.069444384418784
2025-11-10 23:39:47.119134,12.965218446835959,13.035079014058866
2025-11-11 00:39:47.119134,12.14398621929736,13.689042348231942
2025-11-11 01:39:47.119134,13.657501986721398,11.277429298388432
2025-11-11 02:39:47.119134,11.423499448764996,12.251375030001341
2025-11-11 03:39:47.119134,11.829316567194105,13.015252167105796
2025-11-11 04:39:47.119134,13.208767925191356,13.883279950022978
2025-11-11 05:39:47.119134,12.083847612322236,14.969813972368772
2025-11-11 06:39:47.119134,15.84214405576707,14.14798895434955
2025-11-11 07:39:47.119134,14.111858208857894,17.90056055429834
2025-11-11 08:39:47.119134,17.599738890592313,19.054836966758497
2025-11-11 09:39:47.119134,20.67045238680974,21.92543561037458
2025-11-11 10:39:47.119134,20.108554114670582,22.890242607295217
2025-11-11 11:39:47.119134,23.03081580275143,26.399332768032714
2025-11-11 12:39:47.119134,22.489571666024634,27.55389268414852
2025-11-11 13:39:47.119134,25.540671106432058,27.56676650396045
2025-11-11 14:39:47.119134,21.982416944984532,26.83393779736876
2025-11-11 15:39:47.119134,19.909936478420608,27.854577319870643
2025-11-11 16:39:47.119134,22.491339406305762,28.027727773558254
2025-11-11 17:39:47.119134,17.786512789025434,26.699431850202274
2025-11-11 18:39:47.119134,16.171253703502572,23.243995842170225
2025-11-11 19:39:47.119134,12.623115140028926,22.921138356160082
2025-11-11 20:39:47.119134,12.467236088756604,19.102230852779723
2025-11-11 21:39:47.119134,16.124343984255553,17.313560663957514
2025-11-11 22:39:47.119134,13.985158082527894,16.41861380847104
2025-11-11 23:39:47.119134,12.933616768890671,13.38832890233671
2025-11-12 00:39:47.119134,11.356310970646906,13.487246958907907
2025-11-12 01:39:47.119134,10.990146977520158,11.357509408936087
2025-11-12 02:39:47.119134,11.41532759979257,13.515149623376196
2025-11-12 03:39:47.119134,9.201767527774653,11.51302992960526
2025-11-12 04:39:47.119134,11.918126300204847,15.569152038782246
2025-11-12 05:39:47.119134,14.687871021934603,12.758638993356575
2025-11-12 06:39:47.119134,13.366607040123196,16.369842755842285
2025-11-12 07:39:47.119134,15.789667382674445,15.2289910554227
2025-11-12 08:39:47.119134,16.542482756375637,18.5871343809823
2025-11-12 09:39:47.119134,22.54324273330712,23.850181533829105
2025-11-12 10:39:47.119134,22.389310990454224,24.749856688891516
2025-11-12 11:39:47.119134,22.46077385167387,25.488239382276582
2025-11-12 12:39:47.119134,23.943639323640628,27.690813970615125
2025-11-12 13:39:47.119134,20.882061426924068,27.479660561484476
2025-11-12 14:39:47.119134,21.342838103759693,29.400248845740613
2025-11-12 15:39:47.119134,20.003984197749542,25.731610769045222
2025-11-12 16:39:47.119134,17.128999495876855,27.06725509230246
2025-11-12 17:39:47.119134,14.42653513596609,25.149361094059444
2025-11-12 18:39:47.119134,14.46353169970812,23.40506406771014
2025-11-12 19:39:47.119134,12.333415461851956,22.376028757237005
2025-11-12 20:39:47.119134,14.261140470213334,18.87420121605662
2025-11-12 21:39:47.119134,14.22824131894708,18.782437511613168
2025-11-12 22:39:47.119134,12.954465054173545,16.68859465233046
2025-11-12 23:39:47.119134,15.562748732531897,13.726602739553828
2025-11-13 00:39:47.119134,10.263388103516192,13.067715444929203
2025-11-13 01:39:47.119134,12.043237519194903,13.086445453115159
2025-11-13 02:39:47.119134,11.865271104254239,11.127370719572784
2025-11-13 03:39:47.119134,13.451887587903558,12.900987894936591
2025-11-13 04:39:47.119134,11.697027525437832,11.32624931157181
2025-11-13 05:39:47.119134,10.863385546819671,14.947473890398374
2025-11-13 06:39:47.119134,16.279988277099722,17.75136950103925
2025-11-13 07:39:47.119134,18.39118422993848,16.12413286673823
2025-11-13 08:39:47.119134,21.445345239383,19.864407336484607
2025-11-13 09:39:47.119134,19.253324715854944,21.278239348242874
2025-11-13 10:39:47.119134,22.002380447469264,24.48553836580599
2025-11-13 11:39:47.119134,23.086827960083472,25.38529851802355
2025-11-13 12:39:47.119134,21.029383361222816,26.321970532605697
2025-11-13 13:39:47.119134,23.726627179116377,26.371758851857177
2025-11-13 14:39:47.119134,20.92896035358048,28.3298758660651
2025-11-13 15:39:47.119134,23.55679065551569,27.08631357579516
2025-11-13 16:39:47.119134,19.848414591569217,26.180693137965083
2025-11-13 17:39:47.119134,16.78129950893743,24.59496911434597
2025-11-13 18:39:47.119134,15.335528066736753,24.655474111699963
2025-11-13 19:39:47.119134,11.121850493032483,22.68679186095297
2025-11-13 20:39:47.119134,13.104465835336708,19.14941845519701
2025-11-13 21:39:47.119134,13.340230055071816,19.26444038171615
2025-11-13 22:39:47.119134,15.377000081236975,17.01684890203399
2025-11-13 23:39:47.119134,15.618456436724141,14.796580507810322
2025-11-14 00:39:47.119134,11.581323689004128,13.428941721902294
2025-11-14 01:39:47.119134,14.191518142511626,11.882652454510978
2025-11-14 02:39:47.119134,12.972449595319402,11.610568342360263
2025-11-14 03:39:47.119134,8.20647157731187,12.060673228385784
2025-11-14 04:39:47.119134,14.040145458240726,15.127182254017612
2025-11-14 05:39:47.119134,13.960191799354336,13.945433911461892
2025-11-14 06:39:47.119134,14.327700078024963,16.07336823575855
2025-11-14 07:39:47.119134,14.889857892927035,18.028524596282328
2025-11-14 08:39:47.119134,19.352846919119017,20.24299511873085
2025-11-14 09:39:47.119134,20.132416010098552,23.365322980252877
2025-11-14 10:39:47.119134,22.749773982831105,24.180150915245818
2025-11-14 11:39:47.119134,22.355072719563516,25.195472777105664
2025-11-14 12:39:47.119134,23.873419610188893,26.831363222268077
2025-11-14 13:39:47.119134,21.95000795665024,27.12594191804383
2025-11-14 14:39:47.119134,22.305319194442617,27.469352845204938
2025-11-14 15:39:47.119134,22.553209347443243,27.980023552358308
2025-11-14 16:39:47.119134,19.1254607520678,27.014377176337206
2025-11-14 17:39:47.119134,17.625842475039992,26.498682985476247
2025-11-14 18:39:47.119134,12.918014882730041,23.347891065971208
2025-11-14 19:39:47.119134,15.774639707137133,22.64488623976971
2025-11-14 20:39:47.119134,13.754985584868447,21.824635021457635
2025-11-14 21:39:47.119134,11.244061034085252,18.861438613028987
2025-11-14 22:39:47.119134,15.032676790698252,16.325029532085754
2025-11-14 23:39:47.119134,12.102813928779819,14.68926640775218
2025-11-15 00:39:47.119134,7.286438834980086,13.737439900412829
2025-11-15 01:39:47.119134,4.2676387084229255,13.028562160727079
2025-11-15 02:39:47.119134,7.112314627877856,11.532896376431452
2025-11-15 03:39:47.119134,7.146654049329778,11.889752072401775
2025-11-15 04:39:47.119134,7.407393325120745,11.534971819318173
2025-11-15 05:39:47.119134,4.176689980313013,13.93724466825971
2025-11-15 06:39:47.119134,9.027589487721006,14.9254213212776
2025-11-15 07:39:47.119134,7.55510596921497,17.11970614449153
2025-11-15 08:39:47.119134,8.681337116622231,17.67288685439879
2025-11-15 09:39:47.119134,11.281884078810204,21.708433406316296
2025-11-15 10:39:47.119134,13.412766165256194,24.0130927485793
2025-11-15 11:39:47.119134,10.165382179164045,26.050935308449436
2025-11-15 12:39:47.119134,13.149908331592199,26.478390672656467
2025-11-15 13:39:47.119134,15.55777328606239,27.728740988852557
2025-11-15 14:39:47.119134,11.059491749176484,28.951437652446177
2025-11-15 15:39:47.119134,8.842054256154952,26.19922196882435
2025-11-15 16:39:47.119134,12.30708701161063,29.994881344041527
2025-11-15 17:39:47.119134,6.77515823697154,25.620388517665116
2025-11-15 18:39:47.119134,6.6666120377282985,23.387069262968513
2025-11-15 19:39:47.119134,7.257718518461429,22.123844926225544
2025-11-15 20:39:47.119134,5.484060107898307,20.717762608321063
2025-11-15 21:39:47.119134,7.876289315988859,20.051901420169536
2025-11-15 22:39:47.119134,7.966937061837945,16.96484795981381
2025-11-15 23:39:47.119134,7.931363543896749,15.624059019250959
2025-11-16 00:39:47.119134,6.5425972471892955,14.12684032043207
2025-11-16 01:39:47.119134,3.610976622029223,12.985424513106205
2025-11-16 02:39:47.119134,3.4958621327264896,12.839203867199735
2025-11-16 03:39:47.119134,5.336272288358332,13.846455476303822
2025-11-16 04:39:47.119134,5.614292053291231,14.174055212179242
2025-11-16 05:39:47.119134,4.309845527185792,13.629768341103173
2025-11-16 06:39:47.119134,4.150638166880626,15.31169750998707
2025-11-16 07:39:47.119134,10.82271924144305,17.292026348939505
2025-11-16 08:39:47.119134,8.012250435951382,19.37689144762932
2025-11-16 09:39:47.119134,9.344496885661203,21.594482874221438
2025-11-16 10:39:47.119134,10.541558577932424,24.81534668578968
2025-11-16 11:39:47.119134,14.981112767759935,25.975292895916567
2025-11-16 12:39:47.119134,13.107590652637146,28.26524740646328
2025-11-16 13:39:47.119134,12.591334825616702,26.8250565985366
2025-11-16 14:39:47.119134,11.295811817131066,28.40820811699499
2025-11-16 15:39:47.119134,9.478993071467132,26.948517789334048
2025-11-16 16:39:47.119134,6.76648128531123,26.060506382000646
2025-11-16 17:39:47.119134,8.351684861001713,26.068771341844588
2025-11-16 18:39:47.119134,8.625665538066906,23.84516995087709
2025-11-16 19:39:47.119134,7.848182754470819,20.965496760592345
2025-11-16 20:39:47.119134,8.288231982649478,20.764586750366618
2025-11-16 21:39:47.119134,11.01024258773139,17.10343906485053
2025-11-16 22:39:47.119134,5.0322113569929225,16.578299243292822
2025-11-16 23:39:47.119134,7.498673199977797,14.193702648575522
2025-11-17 00:39:47.119134,14.87008535230749,12.907015758507178
2025-11-17 01:39:47.119134,11.41129869061876,10.705058345345416
2025-11-17 02:39:47.119134,10.347000600271889,12.684939860449564
2025-11-17 03:39:47.119134,9.48828289693067,12.907675877568233
2025-11-17 04:39:47.119134,11.98010296772424,13.69149544399826
2025-11-17 05:39:47.119134,15.027105837120368,15.481647041157428
2025-11-17 06:39:47.119134,17.295487488497162,15.258377333026727
2025-11-17 07:39:47.119134,16.890845180879097,18.21635635478612
2025-11-17 08:39:47.119134,18.4865861917584,20.564187722074575
2025-11-17 09:39:47.119134,22.746832890850825,22.949980502474915
2025-11-17 10:39:47.119134,20.360922356015976,23.908103080739416
2025-11-17 11:39:47.119134,23.57567048331512,27.182951285700636
2025-11-17 12:39:47.119134,20.859894695457328,26.17791061871689
2025-11-17 13:39:47.119134,20.187852299715402,27.03937135028903
2025-11-17 14:39:47.119134,21.526381183490162,27.23221938128813
2025-11-17 15:39:47.119134,18.040713315743602,28.5302877983778
2025-11-17 16:39:47.119134,16.212139180375075,25.7554000495089
2025-11-17 17:39:47.119134,15.041263693984927,26.09250416814909
2025-11-17 18:39:47.119134,18.87840871954705,22.706092299263656
2025-11-17 19:39:47.119134,14.485751178612366,22.677387786028177
2025-11-17 20:39:47.119134,11.472457069358247,20.272358432531156
2025-11-17 21:39:47.119134,11.382296391542948,19.045570245001326
2025-11-17 22:39:47.119134,14.686287607516881,15.55190909515948
2025-11-17 23:39:47.119134,15.710525716104474,15.74734821461555
2025-11-18 00:39:47.119134,12.447954754302375,15.235194236272182
2025-11-18 01:39:47.119134,14.24428305649111,12.74123849881865
2025-11-18 02:39:47.119134,14.009943769715143,11.883212837734847
2025-11-18 03:39:47.119134,11.865233751173824,12.957254344516446
2025-11-18 04:39:47.119134,11.350065320820296,14.162759007127056
2025-11-18 05:39:47.119134,13.902168758214334,16.378171625700126
2025-11-18 06:39:47.119134,17.94162128528904,16.808536994744284
2025-11-18 07:39:47.119134,19.391798306821958,17.413685088302138
2025-11-18 08:39:47.119134,18.23047377165986,20.84298497891215
2025-11-18 09:39:47.119134,21.20082382472358,24.012733238058622
2025-11-18 10:39:47.119134,23.104935243107036,22.722594630244018
2025-11-18 11:39:47.119134,24.624902050751334,26.880595491079518
2025-11-18 12:39:47.119134,22.097819067407457,25.7489782655468
2025-11-18 13:39:47.119134,20.51983529304853,27.769509845694426
2025-11-18 14:39:47.119134,23.26954157515304,26.97911157278825
2025-11-18 15:39:47.119134,18.772869793733562,27.117960941227416
2025-11-18 16:39:47.119134,18.011534314281587,26.350870419278596
2025-11-18 17:39:47.119134,15.210579788156679,26.34382862413187
2025-11-18 18:39:47.119134,16.787018698131156,23.923952762311973
2025-11-18 19:39:47.119134,14.786372375812686,21.964731297971355
2025-11-18 20:39:47.119134,12.915649373032384,20.49016793015786
2025-11-18 21:39:47.119134,14.133050917170765,18.038763964350913
2025-11-18 22:39:47.119134,16.28469377317452,18.144015474152738
2025-11-18 23:39:47.119134,11.105978256420332,13.79323636009393
2025-11-19 00:39:47.119134,15.027798419004426,11.519763157455797
2025-11-19 01:39:47.119134,11.059570124663244,14.069094510982696
2025-11-19 02:39:47.119134,11.542313850514219,10.615986193070961
2025-11-19 03:39:47.119134,9.314787653592155,11.808688002595357
2025-11-19 04:39:47.119134,11.631320675345812,11.960375469462312
2025-11-19 05:39:47.119134,14.164840333316429,13.139744794765381
2025-11-19 06:39:47.119134,13.654677606355472,15.972633628863
2025-11-19 07:39:47.119134,18.389958439173128,19.28684437398606
2025-11-19 08:39:47.119134,18.160487656762523,19.174036267157117
2025-11-19 09:39:47.119134,18.43633229553137,22.03651108278706
2025-11-19 10:39:47.119134,21.870889340130763,22.97584604952409
2025-11-19 11:39:47.119134,23.366421466499972,23.831801376468988
2025-11-19 12:39:47.119134,22.777713091699564,26.546858291151423
2025-11-19 13:39:47.119134,21.810121378908416,28.851351985666263
2025-11-19 14:39:47.119134,23.177632755629,25.755678679975723
2025-11-19 15:39:47.119134,22.482792875934003,28.0263660579977
2025-11-19 16:39:47.119134,19.610978691842853,28.42963521178313
2025-11-19 17:39:47.119134,14.432246988229002,25.586873307512853
2025-11-19 18:39:47.119134,13.695357431849128,23.823356590285716
2025-11-19 19:39:47.119134,12.84755456393403,24.090972525467713
2025-11-19 20:39:47.119134,15.251399459218403,20.72057104092395
2025-11-19 21:39:47.119134,11.038477000676815,17.587379957366046
2025-11-19 22:39:47.119134,15.177477187466188,15.848629821102723
2025-11-19 23:39:47.119134,13.211849795535683,13.970820171537138
2025-11-20 00:39:47.119134,11.509816738965432,13.473858082923087
2025-11-20 01:39:47.119134,9.866096727681581,11.931417434224567
2025-11-20 02:39:47.119134,10.683229837312282,11.388092868825098
2025-11-20 03:39:47.119134,11.694675112763198,14.05076550276629
2025-11-20 04:39:47.119134,12.609021050151458,12.389065550641101
2025-11-20 05:39:47.119134,12.90180747864239,14.100567855057509
2025-11-20 06:39:47.119134,13.56981849343299,17.583424200842614
2025-11-20 07:39:47.119134,20.788393576581925,18.632274195477088
2025-11-20 08:39:47.119134,20.23631132568671,20.268095795115205
2025-11-20 09:39:47.119134,20.06918509541571,21.90353334131389
2025-11-20 10:39:47.119134,24.05220290064731,23.101476913185568
2025-11-20 11:39:47.119134,23.486416754654165,26.567890281709737
2025-11-20 12:39:47.119134,21.771685523611765,27.909537706558606
2025-11-20 13:39:47.119134,23.51833706441635,28.853281562110464
2025-11-20 14:39:47.119134,22.69123934759499,27.15248230358409
2025-11-20 15:39:47.119134,21.553378324362043,27.860977151073698
2025-11-20 16:39:47.119134,21.66320788536093,25.94407137002835
2025-11-20 17:39:47.119134,18.572685783622244,24.9592164282518
2025-11-20 18:39:47.119134,15.23387647051894,25.35774584271917
2025-11-20 19:39:47.119134,13.431812906271537,21.89854158511273
2025-11-20 20:39:47.119134,14.125184748937217,20.45266497972522
2025-11-20 21:39:47.119134,14.190611428760878,19.24289015654885
2025-11-20 22:39:47.119134,13.863602907213497,16.340579794043073
2025-11-20 23:39:47.119134,15.752992974096056,16.197802851602514
2025-11-21 00:39:47.119134,11.030075913503365,12.521740403163825
2025-11-21 01:39:47.119134,12.965354116055146,12.474897529832715
2025-11-21 02:39:47.119134,12.428665109227348,12.125705904997462
2025-11-21 03:39:47.119134,12.739883859307955,12.455143567463315
2025-11-21 04:39:47.119134,11.191878262514054,14.70211757042737
2025-11-21 05:39:47.119134,12.335653223400985,14.457709931285322
2025-11-21 06:39:47.119134,13.426625187173151,15.395274552736069
2025-11-21 07:39:47.119134,16.13101652403369,17.966032847018216
2025-11-21 08:39:47.119134,18.335024950210244,18.225913856060608
2025-11-21 09:39:47.119134,19.275547373675952,21.076281998589483
2025-11-21 10:39:47.119134,23.081019790915164,23.81739024618603
2025-11-21 11:39:47.119134,22.9321760836522,26.493099759280806
2025-11-21 12:39:47.119134,23.5356881913426,26.53173817416331
2025-11-21 13:39:47.119134,22.82603162694971,25.013829914175915
2025-11-21 14:39:47.119134,23.009069459596972,28.994986749824722
2025-11-21 15:39:47.119134,18.90329072514359,28.226136878835497
2025-11-21 16:39:47.119134,19.12266060267906,25.3771167981179
2025-11-21 17:39:47.119134,16.4408930994453,24.170191529021285
2025-11-21 18:39:47.119134,16.346585398689143,23.9444969017136
2025-11-21 19:39:47.119134,12.484320788124176,21.545700104939243
2025-11-21 20:39:47.119134,14.87263090563077,21.541029236699217
2025-11-21 21:39:47.119134,15.248710344564127,17.977290385305427
2025-11-21 22:39:47.119134,14.925228590785899,17.738631001763444
2025-11-21 23:39:47.119134,15.335012813123866,14.160288136792282
2025-11-22 00:39:47.119134,8.483380687436544,10.77673486576769
2025-11-22 01:39:47.119134,6.809621447596777,11.841455445274992
2025-11-22 02:39:47.119134,6.343856562925589,11.68831069988548
2025-11-22 03:39:47.119134,2.7431800409841607,13.170163007057614
2025-11-22 04:39:47.119134,3.744489265826356,10.936112741862285
2025-11-22 05:39:47.119134,6.437517391049462,15.447570441843965
2025-11-22 06:39:47.119134,5.772413213802833,14.522196786978023
2025-11-22 07:39:47.119134,9.677078792307706,17.48526658578362
2025-11-22 08:39:47.119134,13.766146822197946,20.20460956400578
2025-11-22 09:39:47.119134,12.411768387413657,23.978377422224625
2025-11-22 10:39:47.119134,11.39583179224745,23.898718251094934
2025-11-22 11:39:47.119134,9.196238542397927,26.939126647770102
2025-11-22 12:39:47.119134,10.603214221293438,28.244321822703267
2025-11-22 13:39:47.119134,13.416808179661786,26.972405546344397
2025-11-22 14:39:47.119134,12.26482706094388,28.525047201669327
2025-11-22 15:39:47.119134,10.664480888444528,28.407564311904217
2025-11-22 16:39:47.119134,10.665539196048417,25.69459762316324
2025-11-22 17:39:47.119134,5.526518444984229,26.04869705821902
2025-11-22 18:39:47.119134,6.798473915475544,23.39323880835117
2025-11-22 19:39:47.119134,6.272625085554656,21.583919762180603
2025-11-22 20:39:47.119134,8.506647962184232,18.330512937771708
2025-11-22 21:39:47.119134,6.230114928950624,17.69920379472412
2025-11-22 22:39:47.119134,8.570731759970492,15.66975914196211
2025-11-22 23:39:47.119134,5.917986582720468,14.119367111920743
2025-11-23 00:39:47.119134,5.419905447816997,13.432436186521407
2025-11-23 01:39:47.119134,7.316096215199963,12.737305715020993
2025-11-23 02:39:47.119134,5.173664172037312,12.494170538222447
2025-11-23 03:39:47.119134,4.241702662065002,12.566552253173699
2025-11-23 04:39:47.119134,6.069490626067732,12.516326290264788
2025-11-23 05:39:47.119134,6.484390052234315,14.395160703627814
2025-11-23 06:39:47.119134,8.175915676071835,15.565202022431807
2025-11-23 07:39:47.119134,9.047847435907476,17.207666831695608
2025-11-23 08:39:47.119134,8.812148503655514,20.100478372190302
2025-11-23 09:39:47.119134,9.073831606911632,22.51890554857059
2025-11-23 10:39:47.119134,13.413065557558625,23.899111809509698
2025-11-23 11:39:47.119134,7.595186609576492,25.581780613033878
2025-11-23 12:39:47.119134,11.704892497341291,27.612525109488192
2025-11-23 13:39:47.119134,11.989961169816956,28.324729952090117
2025-11-23 14:39:47.119134,10.467736750215995,27.70261422301078
2025-11-23 15:39:47.119134,9.069601008105128,26.422070638353706
2025-11-23 16:39:47.119134,10.509646954412458,25.87283896074162
2025-11-23 17:39:47.119134,6.474504332766104,26.261610776823353
2025-11-23 18:39:47.119134,10.29566366862717,21.564378659498118
2025-11-23 19:39:47.119134,7.348382887438021,21.268965310753423
2025-11-23 20:39:47.119134,8.493602512641646,19.085719929548
2025-11-23 21:39:47.119134,8.987841962062607,16.078631940183737
2025-11-23 22:39:47.119134,8.61632946670076,14.567624225476346
2025-11-23 23:39:47.119134,4.981433257066396,15.232906830509423
2025-11-24 00:39:47.119134,14.063302879284691,12.975339782126312
2025-11-24 01:39:47.119134,12.479945899055597,12.465499143589652
2025-11-24 02:39:47.119134,12.526475250410796,12.874468837955115
2025-11-24 03:39:47.119134,13.960996829405772,13.549400435479832
2025-11-24 04:39:47.119134,10.721605483831523,13.511671488636829
2025-11-24 05:39:47.119134,13.066403480028,15.242555834076443
2025-11-24 06:39:47.119134,13.866543256251093,15.4051166595355
2025-11-24 07:39:47.119134,17.9605514841336,17.589079736154613
2025-11-24 08:39:47.119134,20.510729098106527,20.465179806656646
2025-11-24 09:39:47.119134,20.870147986792414,22.31034698825387
2025-11-24 10:39:47.119134,20.69802678815675,24.46806023421962
2025-11-24 11:39:47.119134,21.97621928121103,24.87417690963307
2025-11-24 12:39:47.119134,22.992571937268135,26.097124764022254
2025-11-24 13:39:47.119134,21.589179792996866,26.57353422652464
2025-11-24 14:39:47.119134,22.810281432466986,26.1093496181239
2025-11-24 15:39:47.119134,20.019835092837152,26.816134111340336
2025-11-24 16:39:47.119134,21.51309633808545,26.282579877511118
2025-11-24 17:39:47.119134,17.69659344851421,25.427481419055887
2025-11-24 18:39:47.119134,15.834792213352806,23.97467595421507
2025-11-24 19:39:47.119134,16.80370784801215,22.4769058997933
2025-11-24 20:39:47.119134,14.829360549318816,22.82237299917024
2025-11-24 21:39:47.119134,12.96923195865725,15.824341461496681
2025-11-24 22:39:47.119134,10.554205212068176,16.618813977477913
2025-11-24 23:39:47.119134,15.61014113123919,13.428672028596138
2025-11-25 00:39:47.119134,10.123768755579261,12.388859859432316
2025-11-25 01:39:47.119134,12.03357711424572,11.223230020020464
2025-11-25 02:39:47.119134,12.232016789660557,12.8955482185875
2025-11-25 03:39:47.119134,16.31532415262449,12.826284191110462
2025-11-25 04:39:47.119134,10.447405121627828,10.955696508426897
2025-11-25 05:39:47.119134,10.60598956491064,14.542899877246084
2025-11-25 06:39:47.119134,15.09909729448361,16.206269950726412
2025-11-25 07:39:47.119134,19.25729288493036,19.444493665278987
2025-11-25 08:39:47.119134,19.813093838338155,19.983224585963097
2025-11-25 09:39:47.119134,20.422070224370582,23.143297220895654
2025-11-25 10:39:47.119134,23.39267204156594,23.436334565849606
2025-11-25 11:39:47.119134,20.48771226606677,24.817689914197146
2025-11-25 12:39:47.119134,23.052783457868912,28.52427310497616
2025-11-25 13:39:47.119134,24.467597639157145,28.283155691980262
2025-11-25 14:39:47.119134,21.128926872898756,27.404986891526843
2025-11-25 15:39:47.119134,21.12075541623699,27.603845477263047
2025-11-25 16:39:47.119134,16.590811959247294,27.487291904761797
2025-11-25 17:39:47.119134,16.54776480915439,25.345428395267835
2025-11-25 18:39:47.119134,15.006093310943832,25.262176636302588
2025-11-25 19:39:47.119134,13.461711810008111,22.618722714234917
2025-11-25 20:39:47.119134,12.221205484661692,20.416802341405504
2025-11-25 21:39:47.119134,14.247528261574242,18.378141223553204
2025-11-25 22:39:47.119134,11.785648573324835,15.10440290855019
2025-11-25 23:39:47.119134,12.130387642094284,14.660748961813031
2025-11-26 00:39:47.119134,10.795992617784531,12.755384009797442
2025-11-26 01:39:47.119134,12.27376662920958,11.091776371588184
2025-11-26 02:39:47.119134,11.736643948617248,12.11265173175071
2025-11-26 03:39:47.119134,12.707201485045438,11.548765423916452
2025-11-26 04:39:47.119134,11.143455795421806,12.067966298832772
2025-11-26 05:39:47.119134,12.321897728344121,16.80806998390458
2025-11-26 06:39:47.119134,15.170481586581905,17.403241272834478
2025-11-26 07:39:47.119134,15.822398161215999,17.759147922486793
2025-11-26 08:39:47.119134,18.927334399038386,18.00085727441434
2025-11-26 09:39:47.119134,20.257617513411944,22.117366503085236
2025-11-26 10:39:47.119134,24.025318990653833,22.65151216204278
2025-11-26 11:39:47.119134,19.87653615685606,25.63396724519015
2025-11-26 12:39:47.119134,21.704101585260176,26.64345082198998
2025-11-26 13:39:47.119134,20.169112993821066,27.46571762450382
2025-11-26 14:39:47.119134,20.076812856761492,30.274576851283747
2025-11-26 15:39:47.119134,21.830244860287344,26.96248570175377
2025-11-26 16:39:47.119134,22.61617494439676,26.541019424377417
2025-11-26 17:39:47.119134,16.07372491802797,25.617818725460527
2025-11-26 18:39:47.119134,15.327400562080095,24.609307724726865
2025-11-26 19:39:47.119134,15.551884789047232,21.508383593679785
2025-11-26 20:39:47.119134,12.145199746666872,21.248339678333796
2025-11-26 21:39:47.119134,15.75834518188297,17.745222826424705
2025-11-26 22:39:47.119134,13.686485191150155,13.99809473275136
2025-11-26 23:39:47.119134,15.258769865521334,14.067074159145413
2025-11-27 00:39:47.119134,8.325527709881559,12.248178563870804
2025-11-27 01:39:47.119134,12.507375673318403,13.299726499509962
2025-11-27 02:39:47.119134,11.496459282563247,11.959282049915545
2025-11-27 03:39:47.119134,14.10614643061096,12.10511771124806
2025-11-27 04:39:47.119134,11.902038641813663,14.022660873398529
2025-11-27 05:39:47.119134,14.463639646592373,15.125959789670771
2025-11-27 06:39:47.119134,12.9421509248035,15.59546876754163
2025-11-27 07:39:47.119134,16.57775523331042,16.702851989414814
2025-11-27 08:39:47.119134,18.841278929594537,20.574124117209873
2025-11-27 09:39:47.119134,22.462342696382528,22.29178568365194
2025-11-27 10:39:47.119134,22.51389915505078,24.167839297818247
2025-11-27 11:39:47.119134,25.729192308267276,26.37054809842134
2025-11-27 12:39:47.119134,22.145785841580103,27.411898367126735
2025-11-27 13:39:47.119134,23.455764447570083,26.763627430786684
2025-11-27 14:39:47.119134,20.367239473445586,28.01000299525458
2025-11-27 15:39:47.119134,19.078696869924315,27.398061250863044
2025-11-27 16:39:47.119134,20.27662493829524,25.932842027981376
2025-11-27 17:39:47.119134,20.2043240276156,25.058591108637565
2025-11-27 18:39:47.119134,14.878905183741088,23.45251538211746
2025-11-27 19:39:47.119134,10.994165260288703,22.30157635834236
2025-11-27 20:39:47.119134,13.651641773644052,19.17421587898759
2025-11-27 21:39:47.119134,15.55711836118429,17.21899998898062
2025-11-27 22:39:47.119134,11.446323430117848,16.413781139931988
2025-11-27 23:39:47.119134,16.23753648881927,14.345349232223805
2025-11-28 00:39:47.119134,11.13506237800726,13.435280783762948
2025-11-28 01:39:47.119134,13.219580246091944,12.974767512874614
2025-11-28 02:39:47.119134,11.997342625694582,11.381513549535985
2025-11-28 03:39:47.119134,10.907539196401265,10.769580717890795
2025-11-28 04:39:47.119134,12.221438820650501,13.042473824279465
2025-11-28 05:39:47.119134,13.492620880196577,14.508184418099804
2025-11-28 06:39:47.119134,17.839321315789025,16.280198941752563
2025-11-28 07:39:47.119134,16.531366956640362,18.230752765385038
2025-11-28 08:39:47.119134,17.640761767277798,20.754750851644687
2025-11-28 09:39:47.119134,21.612823908494935,20.989176833705404
2025-11-28 10:39:47.119134,22.559638310792433,21.79263531776141
2025-11-28 11:39:47.119134,23.37819672712897,25.140456094192515
2025-11-28 12:39:47.119134,24.00469657114471,26.475845764756944
2025-11-28 13:39:47.119134,22.94080416808618,27.19866728098308
2025-11-28 14:39:47.119134,23.109782565889873,28.656017733805257
2025-11-28 15:39:47.119134,22.314357903843316,29.1282841970883
2025-11-28 16:39:47.119134,18.222651908681087,25.242910189172566
2025-11-28 17:39:47.119134,16.77925835458426,27.189486989677043
2025-11-28 18:39:47.119134,14.80030074655491,25.289087505515578
2025-11-28 19:39:47.119134,14.698346710088618,25.112714255667136
2025-11-28 20:39:47.119134,13.476246655211515,19.68719501432584
2025-11-28 21:39:47.119134,13.382200053126054,17.63173125354426
2025-11-28 22:39:47.119134,15.883279157891263,15.707268258262145
2025-11-28 23:39:47.119134,13.780651574244246,14.035805785712157
2025-11-29 00:39:47.119134,6.313070178868982,13.729230851672158
2025-11-29 01:39:47.119134,5.237500000761142,12.657797983798382
2025-11-29 02:39:47.119134,4.823574997053039,11.868304523941932
2025-11-29 03:39:47.119134,6.232945494682431,13.200732474806737
2025-11-29 04:39:47.119134,5.679670776455038,13.53099853319942
2025-11-29 05:39:47.119134,6.863171746950988,13.528370019256776
2025-11-29 06:39:47.119134,9.070476217711981,16.515636796292224
2025-11-29 07:39:47.119134,10.866568821994253,18.201124559082814
2025-11-29 08:39:47.119134,12.099268503840076,20.42119614512635
2025-11-29 09:39:47.119134,8.579636969026009,21.828297303319108
2025-11-29 10:39:47.119134,10.305061575659574,25.111126925875485
2025-11-29 11:39:47.119134,12.335160890781054,24.451620429391753
2025-11-29 12:39:47.119134,11.348961630024302,26.871646827224815
2025-11-29 13:39:47.119134,13.44770926282137,26.615931021281792
2025-11-29 14:39:47.119134,9.129027639493309,28.70405087413549
2025-11-29 15:39:47.119134,9.364929211441298,27.608875031252378
2025-11-29 16:39:47.119134,9.366700517241798,25.0758244820657
2025-11-29 17:39:47.119134,8.360739446159428,27.008435207666462
2025-11-29 18:39:47.119134,6.2270017937807065,25.105433779131
2025-11-29 19:39:47.119134,7.408064638759416,21.472347775866325
2025-11-29 20:39:47.119134,6.952036998369379,19.482066476736822
2025-11-29 21:39:47.119134,8.707653240524053,16.083470481975557
2025-11-29 22:39:47.119134,7.472192605998199,16.933766858163956
2025-11-29 23:39:47.119134,5.2371611667425375,15.287857056273731
